id,attribute,original,prediction,difference
a1,L,86.61666666666667,12.195108,74.42155825297039
a10,L,58.54333333333333,-8.978785,67.52211789449055
a100,L,85.99,10.881417,75.1085827255249
a11,L,75.27999999999999,4.5902624,70.68973758697508
a12,L,75.78333333333333,4.935247,70.84808638890584
a13,L,80.47000000000001,-1.4349226,81.90492257595064
a14,L,64.40333333333334,7.9565516,56.44678178151449
a15,L,69.14333333333333,-7.015945,76.15927829106649
a16,L,76.04333333333334,-5.645596,81.6889293607076
a17,L,78.94,0.304121,78.63587901234627
a18,L,79.57666666666667,0.09724072,79.47942594299714
a19,L,86.42666666666666,12.305192,74.12147467295328
a2,L,84.80666666666667,9.637358,75.16930895487468
a20,L,82.02999999999999,12.688437,69.34156253814696
a21,L,61.276666666666664,-8.389014,69.66568091074626
a22,L,69.13333333333333,2.1523552,66.98097813924153
a23,L,65.86666666666666,-3.6922355,69.55890213648478
a24,L,67.38666666666667,-5.045731,72.43239773432414
a25,L,63.29666666666666,-6.578541,69.8752074686686
a26,L,65.42,-5.0277624,70.4477624130249
a27,L,69.46666666666665,-7.798414,77.26508089701333
a28,L,81.82666666666667,13.039453,68.78721411387126
a29,L,81.21666666666665,12.278965,68.93770167032876
a3,L,87.38666666666666,13.482147,73.90451944986978
a30,L,56.95333333333334,-5.0296936,61.983026936848965
a31,L,71.44,2.4227238,69.0172762298584
a32,L,65.61,-3.2928128,68.90281282424927
a33,L,58.373333333333335,-4.924391,63.297724126180015
a34,L,58.52666666666667,-5.7975807,64.32424738566081
a35,L,86.50333333333333,3.4365554,83.06677794774373
a36,L,73.44,3.6227245,69.81727546691894
a37,L,74.75666666666666,1.6610426,73.09562409559885
a38,L,73.29666666666667,-1.1588955,74.45556215922038
a39,L,77.00999999999999,8.225597,68.7844026184082
a4,L,70.25,10.640511,59.60948944091797
a40,L,46.40333333333333,-3.235705,49.63903823216756
a41,L,71.37666666666667,3.770958,67.60570871988932
a42,L,75.53666666666668,0.4401168,75.09654987374942
a43,L,68.72,3.4189024,65.30109760284424
a44,L,72.13333333333334,11.689785,60.44354832967123
a45,L,56.656666666666666,-5.748193,62.404859453837076
a46,L,70.25333333333333,5.3512325,64.9021008046468
a47,L,72.31666666666666,3.4367476,68.87991911570231
a48,L,64.85333333333334,2.6503868,62.202946523030604
a49,L,67.78666666666668,2.6089272,65.17773941675823
a5,L,67.70666666666666,-2.6016216,70.30828829447428
a50,L,84.80666666666667,11.56533,73.2413371149699
a51,L,63.59666666666667,-7.4385614,71.03522810618082
a52,L,54.803333333333335,-7.797488,62.600821545918784
a53,L,58.843333333333334,-10.608842,69.45217522939046
a54,L,56.03333333333334,-7.3337884,63.36712172826132
a55,L,62.19,-7.616999,69.80699914932251
a56,L,83.53666666666668,7.2534657,76.28320101420086
a57,L,85.39999999999999,9.973408,75.42659225463866
a58,L,87.10333333333331,7.327578,79.77575526555377
a59,L,50.27333333333333,-7.258474,57.53180720647176
a6,L,75.86333333333333,-3.8455377,79.70887099583943
a60,L,50.55666666666667,-6.267767,56.82443361918132
a61,L,73.25,-1.4214076,74.67140758037567
a62,L,66.83333333333333,-7.345728,74.17906125386556
a63,L,68.48666666666668,-8.832226,77.31889246622723
a64,L,82.46333333333332,8.873176,73.59015771230061
a65,L,82.79333333333334,1.8431348,80.95019857247671
a66,L,81.32666666666667,1.7287643,79.59790237108867
a67,L,81.37,3.7885199,77.58148014068604
a68,L,77.96,6.3326707,71.62732931137084
a69,L,56.453333333333326,-10.101783,66.55511613210041
a7,L,83.52,6.3112183,77.20878173828125
a70,L,68.24666666666666,-6.1994267,74.44609331766763
a71,L,62.300000000000004,-9.997426,72.29742603302003
a72,L,73.20666666666666,-1.9049697,75.11163635889689
a73,L,71.22333333333334,0.596295,70.62703833421072
a74,L,77.62666666666667,1.9492043,75.6774623409907
a75,L,77.32666666666667,-1.7004137,79.02708037058513
a76,L,63.81666666666667,-8.115709,71.93237597147623
a77,L,60.166666666666664,-8.754027,68.92069403330484
a78,L,55.13666666666666,-7.567085,62.703751455942786
a79,L,63.49333333333334,-9.196156,72.68948888142904
a8,L,80.28999999999999,11.306935,68.98306468963622
a80,L,62.84666666666667,-4.733803,67.58046946207682
a81,L,62.19,-6.2574987,68.4474987411499
a82,L,88.08333333333333,13.027912,75.05542119344075
a83,L,84.48,7.323881,77.15611885070801
a84,L,86.02333333333333,12.559556,73.46377732594807
a85,L,64.82333333333334,-7.3397865,72.16311986287435
a86,L,61.96333333333333,-6.3044095,68.2677428372701
a87,L,52.086666666666666,-7.389436,59.47610243479411
a88,L,54.43333333333334,-8.551584,62.98491757710775
a89,L,59.28333333333333,-10.534062,69.81739571889241
a9,L,61.22,-6.426608,67.64660808563232
a90,L,81.57,-0.014981084,81.5849810835719
a91,L,55.336666666666666,-7.473444,62.81011065165202
a92,L,76.88333333333333,0.031881414,76.85145191897948
a93,L,55.300000000000004,-8.332474,63.63247375488282
a94,L,59.31666666666666,-9.575797,68.89246374766032
a95,L,90.34666666666668,9.187156,81.1595109430949
a96,L,77.76333333333334,5.0869336,72.67639972050985
a97,L,78.35000000000001,4.9012556,73.44874439239503
a98,L,53.85666666666666,-7.6403656,61.4970322672526
a99,L,55.673333333333325,-8.511509,64.18484227498371
c0,L,82.72,5.9515204,76.76847955703735
e1,L,86.92999999999999,4.161514,82.76848619461059
e10,L,82.90333333333334,-2.624775,85.52810826619466
e11,L,79.85333333333334,-4.847475,84.70080838521322
e12,L,77.02666666666666,-0.8941666,77.92083325544992
e13,L,86.82333333333334,-0.869141,87.6924743159612
e14,L,86.01,12.98486,73.02513957977295
e15,L,80.31666666666666,11.909047,68.40761953989664
e16,L,79.09666666666668,-5.3652396,84.46190628687542
e17,L,81.86999999999999,-3.327279,85.19727909088134
e18,L,73.40333333333334,-2.278831,75.68216433842977
e19,L,81.01333333333334,-4.1618195,85.17515279134115
e2,L,89.11,8.09104,81.01896034240723
e20,L,68.41666666666667,-1.0906068,69.50727347532909
e21,L,76.24,0.07559771,76.16440228909254
e22,L,77.05,9.688219,67.36178092956543
e23,L,74.62,8.580194,66.0398055267334
e24,L,73.91333333333333,7.2240252,66.68930808385213
e25,L,69.44666666666667,4.974186,64.47248072306316
e26,L,62.57333333333333,4.563542,58.00979144414266
e27,L,66.70666666666666,2.2491245,64.45754213968912
e28,L,63.696666666666665,4.593781,59.10288567225138
e29,L,54.23333333333333,6.531574,47.70175956090291
e3,L,86.08333333333333,8.613357,77.46997674306233
e30,L,63.74666666666667,9.255368,54.49129843393962
e31,L,55.15333333333333,4.589685,50.56364837010701
e32,L,71.23666666666666,4.289167,66.94749973932902
e33,L,79.98666666666666,7.068336,72.91833065668742
e34,L,73.67999999999999,5.3275123,68.35248773574828
e35,L,85.78666666666668,9.864506,75.92216089884441
e36,L,85.0,9.943614,75.05638599395752
e37,L,61.63999999999999,5.6759553,55.96404470443725
e38,L,61.25,6.5498714,54.70012855529785
e39,L,55.99333333333333,6.6125965,49.38073682149251
e4,L,82.01333333333334,0.18821424,81.82511909087499
e40,L,65.44333333333334,6.0285635,59.41476983388266
e41,L,54.60666666666666,6.945907,47.66075955073038
e42,L,52.87,6.5251927,46.34480726242065
e43,L,83.08666666666666,6.9129148,76.17375191370645
e44,L,81.31,6.333703,74.97629695892334
e45,L,84.36,5.180901,79.17909894943237
e46,L,74.63,0.014309641,74.61569035902619
e47,L,72.64333333333333,-1.4260305,74.06936384995778
e48,L,66.58666666666667,0.46408772,66.122578941981
e49,L,64.69666666666667,-4.6926403,69.3893069712321
e5,L,82.96666666666665,1.6658574,81.30080923239389
e50,L,68.83333333333333,-4.914052,73.74738534291585
e51,L,70.45666666666666,-2.0151558,72.47182245890299
e52,L,58.51666666666667,-6.0681257,64.58479239145916
e53,L,58.21666666666667,-4.9405065,63.15717312494914
e54,L,58.00666666666666,-7.259781,65.26644755045572
e55,L,78.96999999999998,7.0454044,71.92459556579588
e56,L,85.43333333333332,7.033219,78.4001144727071
e57,L,87.79666666666667,5.7626705,82.0339961496989
e58,L,67.54666666666667,-0.801503,68.34816966931025
e59,L,66.04,-2.3287492,68.3687491798401
e6,L,76.23333333333333,9.491171,66.74216245015462
e60,L,65.14333333333333,-0.5723642,65.71569754441579
e61,L,56.133333333333326,-1.381334,57.51466728051503
e62,L,67.61666666666667,-1.6876258,69.30429243246715
e63,L,58.98666666666666,-1.788046,60.77471266905466
e64,L,82.91333333333334,6.5744905,76.33884278615317
e65,L,79.15333333333335,1.1528187,78.00051465352378
e66,L,82.47333333333334,6.0642266,76.40910670598349
e67,L,75.51666666666667,0.549218,74.96744866768519
e68,L,82.46,-2.0127134,84.472713432312
e69,L,84.98333333333333,6.410992,78.572341187795
e7,L,84.8,-0.512342,85.31234197616577
e70,L,66.14999999999999,-2.7039819,68.85398187637328
e71,L,67.12333333333333,-4.7201004,71.84343373616537
e72,L,67.17333333333333,-5.0813065,72.25463979085286
e73,L,63.22,-6.9675493,70.18754932403564
e74,L,59.553333333333335,-6.2315435,65.78487687428793
e75,L,63.376666666666665,-6.1326175,69.50928414026896
e76,L,75.16333333333334,5.252333,69.91100016911825
e77,L,76.70333333333333,4.2320065,72.47132678349813
e78,L,79.39999999999999,5.83769,73.5623101234436
e79,L,64.68,-7.874404,72.55440395355225
e8,L,85.93333333333334,-1.3417771,87.27511041959127
e80,L,66.11,-5.776774,71.88677392959595
e81,L,74.49,-6.2850375,80.7750375175476
e82,L,57.306666666666665,-5.015642,62.32230883280436
e83,L,54.98,-3.8472762,58.82727621078491
e84,L,55.153333333333336,-3.213428,58.36676135381063
e9,L,84.94666666666666,-1.2052842,86.15195090452829
MAE,,,,70.66441447913941
a1,a,13.75,10.084183,3.6658172607421875
a10,a,21.01,15.433903,5.576097259521486
a100,a,14.656666666666666,10.872685,3.7839812342325843
a11,a,16.33,12.207898,4.122101860046385
a12,a,13.043333333333335,10.138843,2.904490750630698
a13,a,13.626666666666667,12.913056,0.7136102930704755
a14,a,15.5,10.343818,5.156182289123535
a15,a,20.2,10.903509,9.29649085998535
a16,a,19.426666666666666,14.938368,4.488298823038736
a17,a,18.186666666666667,11.842417,6.344249903361003
a18,a,18.426666666666666,13.499247,4.927420069376627
a19,a,15.479999999999999,11.093639,4.386360626220702
a2,a,13.576666666666668,9.72403,3.852637125651043
a20,a,13.030000000000001,10.606988,2.423012046813966
a21,a,23.310000000000002,19.386108,3.9238916015625023
a22,a,22.19666666666667,15.049017,7.1476497141520206
a23,a,19.723333333333333,14.912533,4.810800526936848
a24,a,19.118666666666666,14.878094,4.240572947184244
a25,a,21.333333333333332,15.238823,6.094510396321613
a26,a,19.27,13.340912,5.929088134765625
a27,a,22.98,17.137568,5.842432479858399
a28,a,13.823333333333332,8.300646,5.522687505086262
a29,a,13.496666666666664,10.57894,2.917726275126137
a3,a,13.873333333333333,9.880641,3.99269234975179
a30,a,18.24,13.421076,4.818924179077147
a31,a,19.046666666666667,13.023735,6.022931620279948
a32,a,17.836666666666666,10.922904,6.913762652079264
a33,a,20.213333333333335,15.575342,4.637991154988608
a34,a,19.98,16.599844,3.3801560211181645
a35,a,14.506666666666666,9.008793,5.4978737894694
a36,a,18.03,11.880538,6.14946201324463
a37,a,20.599999999999998,11.497573,9.102427101135252
a38,a,21.76,12.120313,9.639687309265138
a39,a,17.830000000000002,10.238002,7.591998176574709
a4,a,19.173333333333332,9.633556,9.539776967366535
a40,a,18.51,15.404876,3.105124244689943
a41,a,17.64333333333333,9.672451,7.9708823140462215
a42,a,19.87666666666667,12.103303,7.773363711039227
a43,a,18.290000000000003,10.445114,7.844885864257815
a44,a,15.796666666666667,10.073683,5.722983881632487
a45,a,18.29,13.174474,5.115526237487792
a46,a,15.736666666666666,10.531703,5.204963671366373
a47,a,18.793333333333333,10.82463,7.968703549702962
a48,a,20.44333333333333,12.177743,8.265590375264484
a49,a,20.3,12.038162,8.261837768554688
a5,a,19.33,13.606676,5.723323898315428
a50,a,15.163333333333334,11.139753,4.023579991658529
a51,a,26.363333333333333,18.137302,8.226030934651693
a52,a,22.996666666666666,18.457834,4.538832422892252
a53,a,23.710000000000004,14.35696,9.353039703369145
a54,a,22.536666666666665,17.05239,5.484277521769204
a55,a,24.03,18.729536,5.3004639434814464
a56,a,14.413333333333334,9.780714,4.632619298299154
a57,a,12.606666666666667,9.266701,3.339965922037761
a58,a,14.796666666666667,11.057099,3.7395673243204754
a59,a,18.836666666666666,14.837188,3.9994788996378574
a6,a,15.576666666666666,13.884439,1.6922271982828772
a60,a,23.383333333333336,14.470421,8.912912495930993
a61,a,19.583333333333332,11.096478,8.486854871114094
a62,a,24.08666666666667,14.734506,9.352161013285322
a63,a,24.823333333333334,15.325041,9.498292516072592
a64,a,15.946666666666667,9.694974,6.251692721048991
a65,a,19.72,11.19106,8.528939933776854
a66,a,18.926666666666666,10.449316,8.477350641886392
a67,a,17.616666666666667,10.069274,7.5473927179972335
a68,a,15.496666666666664,10.06734,5.429326769510903
a69,a,22.683333333333334,14.720054,7.963279660542806
a7,a,13.936666666666666,10.703209,3.233457743326822
a70,a,24.676666666666666,13.898883,10.777783800760904
a71,a,27.149999999999995,17.28763,9.862369918823237
a72,a,20.053333333333335,11.926675,8.126658490498862
a73,a,20.94,11.273704,9.666296424865724
a74,a,16.293333333333333,10.790906,5.50242738087972
a75,a,19.353333333333335,12.226702,7.12663159688314
a76,a,23.036666666666665,15.542393,7.494273935953775
a77,a,22.953333333333333,18.393435,4.5598988087972
a78,a,23.69333333333333,17.398901,6.294432347615558
a79,a,21.80333333333333,14.603304,7.200029424031573
a8,a,14.336666666666666,10.13794,4.19872625986735
a80,a,24.91,15.3343115,9.575688514709473
a81,a,14.016666666666666,10.854392,3.1622746149698884
a82,a,15.366666666666667,10.321607,5.045060030619304
a83,a,16.653333333333336,12.9095125,3.74382081349691
a84,a,15.196666666666667,8.692596,6.504070231119792
a85,a,24.413333333333338,14.335928,10.077405370076502
a86,a,23.11666666666667,16.085093,7.031574122111007
a87,a,21.36,14.964503,6.3954967117309565
a88,a,21.570000000000004,15.563216,6.006783790588383
a89,a,26.916666666666668,17.967987,8.948679606119793
a9,a,22.876666666666665,16.881771,5.994895579020181
a90,a,18.24,11.397004,6.842995872497557
a91,a,22.206666666666667,16.391212,5.815454203287761
a92,a,18.813333333333333,11.79123,7.022103131612141
a93,a,23.55333333333333,18.386229,5.167104771931964
a94,a,25.676666666666666,15.368632,10.30803435007731
a95,a,14.79,10.52371,4.266289749145507
a96,a,16.026666666666667,9.8571205,6.169546152750652
a97,a,16.58666666666667,11.934286,4.652380549112959
a98,a,23.69333333333333,16.233288,7.460045522054035
a99,a,24.400000000000002,17.326536,7.073463821411135
c0,a,13.680000000000001,8.726103,4.953897171020509
e1,a,13.546666666666667,9.041932,4.5047345606486004
e10,a,15.793333333333331,15.081384,0.7119496281941711
e11,a,14.203333333333333,14.113543,0.08979077657063783
e12,a,15.386666666666665,12.588006,2.79866064707438
e13,a,13.969999999999999,10.299325,3.670675010681151
e14,a,13.826666666666666,8.299728,5.526938273111979
e15,a,13.659999999999998,8.64172,5.018280181884764
e16,a,14.996666666666668,14.409471,0.587196108500164
e17,a,14.926666666666668,13.883403,1.0432638422648122
e18,a,13.790000000000001,14.975341,1.1853408432006827
e19,a,14.549999999999999,13.875441,0.6745594024658192
e2,a,13.663333333333334,9.152354,4.5109790929158535
e20,a,14.01,13.4346,0.5754001235961912
e21,a,16.44,12.056428,4.38357204437256
e22,a,12.413333333333334,9.674311,2.7390226491292324
e23,a,11.756666666666668,9.355005,2.401661402384441
e24,a,14.813333333333334,10.136317,4.677016080220541
e25,a,16.23,8.978745,7.2512545394897465
e26,a,19.16333333333333,8.596203,10.567130482991534
e27,a,19.849999999999998,10.172529,9.677470779418943
e28,a,18.793333333333333,10.303616,8.489717763264974
e29,a,24.61,9.640851,14.969148979187011
e3,a,14.106666666666667,8.269309,5.83735762278239
e30,a,24.310000000000002,9.06531,15.24469047546387
e31,a,21.746666666666666,9.580437,12.166229960123697
e32,a,16.84,10.617129,6.222870674133301
e33,a,11.753333333333332,9.667157,2.086176160176594
e34,a,10.93,10.929891,0.00010936737060518453
e35,a,12.100000000000001,7.7352448,4.364755249023439
e36,a,12.506666666666666,9.270678,3.2359891001383456
e37,a,26.816666666666666,10.355314,16.461352411905924
e38,a,22.97333333333333,9.736321,13.237011884053544
e39,a,27.436666666666667,10.503702,16.93296450297038
e4,a,14.19,10.241587,3.9484133148193354
e40,a,21.923333333333332,9.154907,12.768426106770832
e41,a,24.060000000000002,10.524116,13.535884437561037
e42,a,23.14,10.895369,12.244631423950196
e43,a,13.38,8.311866,5.068134193420411
e44,a,12.493333333333332,8.903948,3.589385503133137
e45,a,13.53,8.557025,4.972975044250488
e46,a,17.456666666666667,11.289357,6.1673094813028975
e47,a,16.823333333333334,9.777506,7.045827458699545
e48,a,16.01,10.489989,5.520010719299318
e49,a,19.80666666666667,12.463128,7.343538576761883
e5,a,14.886666666666668,11.923705,2.962961565653485
e50,a,20.650000000000002,12.515223,8.134777450561526
e51,a,22.896666666666665,13.08278,9.813886782328286
e52,a,26.14,16.85224,9.287760391235352
e53,a,25.7,17.02696,8.673039627075195
e54,a,27.97666666666667,16.830353,11.146313883463545
e55,a,12.176666666666668,8.617759,3.5589079157511403
e56,a,12.503333333333332,9.041927,3.4614059956868477
e57,a,12.716666666666669,8.655269,4.061397997538251
e58,a,24.006666666666664,14.244844,9.761822230021156
e59,a,21.426666666666666,14.197902,7.228764940897623
e6,a,14.823333333333332,8.386487,6.436846326192219
e60,a,23.19333333333333,14.210934,8.982399648030597
e61,a,23.959999999999997,15.693594,8.266406021118161
e62,a,24.89,15.494934,9.39506591796875
e63,a,23.61,14.876549,8.733451232910156
e64,a,12.483333333333334,8.917314,3.5660197575887054
e65,a,12.536666666666667,10.373102,2.1635644785563155
e66,a,12.756666666666668,8.605816,4.150850779215496
e67,a,16.656666666666666,9.767774,6.888893038431803
e68,a,16.59,11.300809,5.289191093444824
e69,a,17.06,8.457893,8.602106628417967
e7,a,14.57,11.5716505,2.9983494949340823
e70,a,18.74,12.688339,6.051660766601561
e71,a,19.52333333333333,13.580561,5.942772649129228
e72,a,18.376666666666665,12.70654,5.670126558939614
e73,a,25.540000000000003,16.742912,8.797087707519534
e74,a,25.923333333333332,17.261513,8.661820576985676
e75,a,24.58666666666667,16.373049,8.213617884318037
e76,a,12.076666666666668,8.868938,3.207728220621746
e77,a,12.776666666666669,8.409986,4.366681124369306
e78,a,13.536666666666667,8.071097,5.465569292704265
e79,a,22.53333333333333,14.279179,8.254154713948566
e8,a,16.029999999999998,12.433981,3.5960190582275366
e80,a,20.796666666666667,14.27852,6.518147036234538
e81,a,20.64,14.117488,6.522512092590333
e82,a,24.896666666666665,17.4179,7.478766581217446
e83,a,22.8,17.330082,5.469918060302735
e84,a,23.876666666666665,17.841055,6.035611750284829
e9,a,15.9,11.308053,4.591946983337403
MAE,,,,6.225997012329102
a1,b,17.08,8.645682,8.434317665100096
a10,b,19.536666666666665,11.060948,8.475718294779458
a100,b,17.27,9.345379,7.924621124267578
a11,b,20.266666666666666,10.969792,9.296874300638834
a12,b,17.403333333333332,8.718162,8.685171750386555
a13,b,13.003333333333336,10.124811,2.878522160847984
a14,b,18.98,9.266549,9.713450889587403
a15,b,21.590000000000003,9.737019,11.852981414794925
a16,b,23.333333333333332,10.473017,12.86031659444173
a17,b,24.473333333333333,9.811742,14.661591504414876
a18,b,21.633333333333336,10.202666,11.430667050679528
a19,b,20.366666666666667,9.218142,11.148525110880534
a2,b,17.673333333333332,9.323082,8.350251363118488
a20,b,17.52,9.6241665,7.895833511352539
a21,b,21.029999999999998,11.547087,9.482913284301755
a22,b,22.206666666666667,9.415475,12.79119177500407
a23,b,19.76666666666667,11.111115,8.655551211039228
a24,b,18.61,12.197187,6.412812576293945
a25,b,20.040000000000003,11.526183,8.513816871643069
a26,b,19.40666666666667,10.551222,8.85544481913249
a27,b,21.153333333333332,10.910027,10.243306783040364
a28,b,18.326666666666664,9.604787,8.721879793802895
a29,b,18.163333333333334,10.60712,7.556213773091635
a3,b,18.139999999999997,9.081583,9.058416976928708
a30,b,15.123333333333335,10.456335,4.666998265584311
a31,b,17.263333333333335,10.427023,6.8363103993733745
a32,b,15.493333333333334,9.95848,5.534853452046713
a33,b,20.216666666666665,11.385509,8.831158129374185
a34,b,19.67,10.931261,8.738738937377931
a35,b,21.799999999999997,9.477453,12.322546768188474
a36,b,14.133333333333335,9.127986,5.005347379048667
a37,b,17.56,9.316014,8.243985710144042
a38,b,19.226666666666663,10.021654,9.205012537638343
a39,b,13.536666666666667,9.10959,4.427077089945476
a4,b,20.486666666666668,9.618944,10.867722498575848
a40,b,12.700000000000001,12.050802,0.6491977691650401
a41,b,14.933333333333335,9.57557,5.357763226826988
a42,b,17.353333333333335,10.576901,6.7764318974812845
a43,b,11.663333333333334,9.569294,2.094039357503256
a44,b,10.486666666666666,9.424688,1.061978327433268
a45,b,17.746666666666666,9.766969,7.97969793955485
a46,b,14.363333333333335,9.449778,4.913555730183921
a47,b,13.593333333333334,9.461685,4.131648152669271
a48,b,14.0,10.450105,3.5498952865600586
a49,b,16.796666666666667,9.964268,6.832398935953776
a5,b,19.273333333333333,11.0900955,8.183237813313802
a50,b,18.726666666666663,9.217777,9.508889414469397
a51,b,21.03333333333333,11.957571,9.075762303670246
a52,b,17.486666666666668,10.874437,6.612229334513348
a53,b,19.153333333333332,10.904896,8.24843755086263
a54,b,17.73,11.404909,6.325090866088868
a55,b,20.706666666666667,10.779109,9.927557665506999
a56,b,19.183333333333334,9.603862,9.579471524556478
a57,b,17.790000000000003,10.17604,7.613960304260257
a58,b,17.686666666666667,10.619118,7.067548929850261
a59,b,17.44,11.753556,5.686443748474122
a6,b,18.716666666666665,11.344254,7.3724131266276025
a60,b,19.773333333333333,12.086708,7.686625264485677
a61,b,18.246666666666666,8.87624,9.370426890055338
a62,b,23.486666666666668,11.581064,11.905602442423504
a63,b,23.073333333333334,10.884918,12.18841512044271
a64,b,20.150000000000002,8.702279,11.447720909118654
a65,b,22.58,9.139179,13.44082077026367
a66,b,20.906666666666666,9.153,11.753666788736979
a67,b,21.16,9.1291485,12.030851516723633
a68,b,18.403333333333332,9.558397,8.844936040242512
a69,b,18.08,9.99443,8.085570411682127
a7,b,18.886666666666667,8.930399,9.956267725626628
a70,b,15.89,10.220996,5.669004096984864
a71,b,20.2,10.742065,9.4579345703125
a72,b,15.883333333333335,9.584486,6.298847325642905
a73,b,15.600000000000001,8.704933,6.895066833496095
a74,b,20.973333333333333,9.269739,11.703594182332356
a75,b,18.87,9.220791,9.649209136962892
a76,b,22.849999999999998,10.5059,12.344099617004392
a77,b,19.66333333333333,11.448238,8.215094960530596
a78,b,19.63,11.160766,8.469234352111815
a79,b,19.763333333333332,10.409921,9.353412640889484
a8,b,16.826666666666668,10.547291,6.279375864664715
a80,b,21.69333333333333,11.6562195,10.037113850911457
a81,b,21.709999999999997,8.736055,12.97394462585449
a82,b,19.083333333333332,9.031906,10.051427205403645
a83,b,19.636666666666667,9.058171,10.578495394388835
a84,b,18.39,9.736648,8.653352394104004
a85,b,21.45,11.460236,9.989764404296874
a86,b,19.863333333333333,11.389503,8.473830808003743
a87,b,15.763333333333334,11.25685,4.5064830907185875
a88,b,17.013333333333335,11.171398,5.8419351704915385
a89,b,19.98,10.962264,9.01773593902588
a9,b,21.936666666666667,11.4434595,10.493207155863445
a90,b,21.846666666666664,9.741567,12.105100008646644
a91,b,18.53333333333333,11.249253,7.2840800603230775
a92,b,20.236666666666668,10.600207,9.636459337870281
a93,b,18.973333333333333,11.29777,7.675563786824544
a94,b,19.599999999999998,9.964755,9.635244941711424
a95,b,18.586666666666666,9.596635,8.990031801859537
a96,b,18.303333333333335,9.397353,8.905980161031088
a97,b,20.463333333333335,9.276127,11.187206471761069
a98,b,16.743333333333336,11.461792,5.281541341145836
a99,b,18.083333333333332,11.260703,6.822630246480305
c0,b,19.02,9.42302,9.596979637145996
e1,b,18.42,9.349154,9.070845527648927
e10,b,20.676666666666666,13.580299,7.09636728922526
e11,b,19.713333333333335,13.069382,6.643951619466147
e12,b,19.423333333333332,13.182998,6.240335629781086
e13,b,18.669999999999998,10.498773,8.171227378845213
e14,b,18.176666666666666,9.707999,8.468667437235514
e15,b,17.876666666666665,9.23017,8.6464964167277
e16,b,19.293333333333333,12.5378685,6.755464833577474
e17,b,19.49,12.074451,7.415548553466795
e18,b,17.863333333333333,13.232294,4.631039250691732
e19,b,20.046666666666667,11.266691,8.779975458780925
e2,b,17.516666666666666,9.530616,7.986050860087076
e20,b,18.09,13.380309,4.709690895080566
e21,b,20.576666666666668,13.12361,7.453057123819988
e22,b,16.266666666666666,9.908033,6.358633295694986
e23,b,16.12,9.718366,6.401634330749513
e24,b,19.2,10.112516,9.087483596801757
e25,b,19.926666666666666,10.43286,9.493806292215982
e26,b,19.833333333333332,9.506541,10.326792081197102
e27,b,20.39,10.059635,10.330364837646485
e28,b,18.906666666666666,9.712344,9.194322497049967
e29,b,20.356666666666666,9.958826,10.397840601603189
e3,b,18.87333333333333,9.841469,9.031864522298175
e30,b,21.69333333333333,10.0060425,11.687290852864582
e31,b,18.603333333333335,9.870816,8.73251710255941
e32,b,20.153333333333332,10.061026,10.092307713826496
e33,b,14.446666666666665,9.469645,4.977022120157876
e34,b,13.700000000000001,9.48095,4.219049644470216
e35,b,13.213333333333333,9.5928545,3.6204788335164384
e36,b,14.799999999999997,9.62812,5.171879577636716
e37,b,21.560000000000002,9.592762,11.9672380065918
e38,b,21.80333333333333,9.734479,12.068854382832843
e39,b,20.16,9.650403,10.509596977233887
e4,b,19.41333333333333,10.632538,8.780795491536455
e40,b,20.876666666666665,10.339222,10.537444712320962
e41,b,19.94666666666667,11.308429,8.638237902323407
e42,b,20.013333333333332,10.486337,9.526996625264484
e43,b,17.013333333333332,9.38088,7.632452977498371
e44,b,17.25,9.70416,7.545840263366699
e45,b,17.850000000000005,9.715792,8.134208297729497
e46,b,21.413333333333338,10.318989,11.09434453328451
e47,b,20.513333333333332,10.234494,10.278839124043781
e48,b,19.156666666666666,8.907739,10.248927981058756
e49,b,19.67,11.118775,8.551224632263185
e5,b,19.12666666666667,10.913819,8.212847353617352
e50,b,22.599999999999998,11.305753,11.294247245788572
e51,b,23.3,11.700783,11.599217224121094
e52,b,21.336666666666662,12.338228,8.998438440958655
e53,b,22.00333333333333,12.637937,9.36539674123128
e54,b,20.326666666666664,12.320321,8.006345583597817
e55,b,15.450000000000001,9.721083,5.728917312622071
e56,b,14.916666666666666,9.931665,4.9850012461344395
e57,b,14.85,10.275929,4.57407054901123
e58,b,22.173333333333336,12.466825,9.70650880177816
e59,b,21.12,12.803716,8.316284294128419
e6,b,19.08666666666667,9.326969,9.759697519938154
e60,b,22.350000000000005,13.534724,8.815275764465337
e61,b,20.243333333333336,13.945599,6.297734731038414
e62,b,23.386666666666667,14.143979,9.242687594095866
e63,b,20.626666666666665,13.54775,7.078916193644204
e64,b,16.72,10.32572,6.394280166625975
e65,b,17.213333333333335,11.379655,5.833678448994956
e66,b,17.113333333333333,10.486052,6.627281773885091
e67,b,20.526666666666667,11.537473,8.989193941752117
e68,b,22.063333333333333,10.870051,11.193281949361165
e69,b,22.076666666666664,10.042055,12.034611536661782
e7,b,20.036666666666665,12.437182,7.599484240214029
e70,b,19.919999999999998,11.514851,8.40514938354492
e71,b,20.900000000000002,11.66016,9.239839935302737
e72,b,19.606666666666666,11.765762,7.840904337565103
e73,b,22.423333333333336,12.185076,10.23825757344564
e74,b,20.663333333333334,12.162878,8.50045529683431
e75,b,21.196666666666665,12.850857,8.345809885660806
e76,b,12.566666666666668,9.649571,2.917095247904461
e77,b,12.433333333333332,9.930366,2.502967770894367
e78,b,13.483333333333334,9.327535,4.15579865773519
e79,b,21.05666666666667,10.636878,10.419788653055829
e8,b,20.5,12.2360325,8.263967514038086
e80,b,21.21666666666667,11.587629,9.629037348429364
e81,b,22.51,11.474354,11.035646209716798
e82,b,18.933333333333334,12.989622,5.943711217244466
e83,b,18.32,13.014453,5.305547065734864
e84,b,18.500000000000004,13.218085,5.281914710998539
e9,b,20.83,11.69544,9.1345597076416
MAE,,,,8.326662343343099
